Writer,Review,Date
ah**ng7,센과치히로와 행방불명과 비슷한 느낌이었어요. 배경도 몇몇은 봤던 장면이었구요. 한번 보기엔 괜찮을것 같아요. 원작 책과는 내용이 전혀 다릅니다.,2023.11.07
무비요니,전작들이 조금씩 섞인 복잡하고 오묘한 하야오의 신작.,2023.11.07
a4**00594,힘들더라도 결국엔 내 인생이니깐,2023.11.07
wl**903,영화 보기전에 참고영상 유튜브로 보고 갔더니 볼만했어요 혹평에 비해 재밌었어요,2023.11.07
시와루이,아주좋아요 너무좋아요,2023.11.07
gu**od90,나름 괜찮고 지브리영화를 오랜만에볼수있어서 좋았습니다 나중에 또 보러올 예정입니다~,2023.11.07
ChosenJade,나에게 주어진 시간은 이제 모두 끝나버렸네. 남겨진 그대들은 어떻게 살아갈 것인가?,2023.11.07
hj**774,약간 난해하고 어두운 분위기의 영화지만 명확한 매세지와 훌륭한 연출이 돋보였습니다. 강추입니다!,2023.11.07
oh주won,"지브리 역대급이라고 할 수 있을 정도로 작화가 미쳤다. 미야자키 하야오가 무슨 말을 하려고 하는 가는 드문드문 알겠으나, 모든 것을 이해하기에는 '갑자기'라고 생각되는 부분이 계속 생긴다.",2023.11.07
kk**gvx87,미야자키하야오의 자전적미야기,2023.11.07
po**r05566,여운이 많이 남는 좋은 영화네요,2023.11.07
애오애오애오애오외옹,볼만했다 근데 이해가 잘 안된다,2023.11.07
qk**kdtldls3,살짝 난해하지만 분위기 자체는 좋았습니다,2023.11.07
th**lsrb7,어려운게 예술적이라 착각하는것인가 연출이나 구성력이 퇴화해버린것인가,2023.11.07
grace_b,기대했던 만큼 웅장하고 감동적이었습니다,2023.11.07
ca**osady,앵무새가 무서워졌어요...,2023.11.07
sa**559,뭔 내용인지 잘 모르겠음 그냥 킬링 타임용으로는 괜찮긴한데 할인권 없이 보기에는 아쉬웠음,2023.11.07
꽁자,이런 애니메이션 영화를 만드느라 수고가 많았네요,2023.11.07
꽁자,이런 애니메이션 영화를 만드느라 수고가 많았네요,2023.11.07
dl**fud1212,그래도 나보다 낫게 살았다,2023.11.07
하이너스,간간히 지브리 특유의 유머가 있지만 전체적으로 진중히고 복잡 미묘한 스토리. 몇 회 더 보면 이해력이 늘어날 듯.,2023.11.07
jw**rk041211,영화 이해가 좀 안됬지만 ost는 좋았어요..!,2023.11.07
al**l6449,이해할 수는 없었지만 작화는 참 좋았다,2023.11.07
복돌love복순,"차분하게 영화 속 아이가 되고, 엄마가 되고, 누군가의 동생이 되어본다. 그리고 초짜스럽지 않게 조금씩 잊어 갈 것이다.",2023.11.07
yy**o9,정말 일본의 무속이깔려있는 애니...제목도 어떻게 살 것인지가 아니라 그냥 무속의 혼돈이라 적어야... 물론 마지막 5분이 작가가 말하자고 한 현실세계의 중요성이 있지만.. 아무튼 전설따라 삼천리 같은 내용,2023.11.07
li**r2143,내용이 좀 어려웠지만 재밌게 봤어요^^,2023.11.07
ss**491,"인스타에 돌아댕기는 해석 보면, 쉽게 이해하며 볼수있음",2023.11.07
에첼,그대들 어떻게 살 것인가 ? 그래서 어쩌라고.... 지브리 영화에 실망하는 날이 오다니,2023.11.07
보자옹,지브리영화는 늘 세계관이 멋지다 느껴요 새를 너무 많이 봐서 당분간 새가 무서울것 같아요,2023.11.07
영화힐링타임,물음표 백개 드립니다 그림체 예뻐요..,2023.11.07
dl**alsox06,어떻게 살아가야 하는지 생각하게 해주는 따뜻하고 몽글몽글한 영화였어요…🥺💛,2023.11.07
ku**ee1020,"나, 무엇을 바라보고 있는가.",2023.11.07
na**nada,대가가 만든 자전적인 애니메이션,2023.11.07
만쥬다,무슨내용인지 모르겠다,2023.11.07
al**d0209,영화를 다 보고 엔딩크레딧과 노래가 나오는 데 뭔가 딱 알 수 있었어요 어떻게 살아야하는 지를 그래서 인생을 어떻게 살아가야 하는지 고민 되는 분께 추천드립니다.,2023.11.07
Zero_RDJ,인생을 어떻게 살아야 할지 돌아보게 해준 감동적인 영화,2023.11.07
bo**y666,지루하면서 볼만하네요,2023.11.07
cgv good,"많은 생각을 하게 만드는 영화였습니다. 초반엔 지루했지만, 뒤로 갈수록 재미있게 봤습니다.",2023.11.07
ju**ee5369,재밌었어요 어린이들이 보면 좋아할 것 같아요,2023.11.07
k8**703,중간이었어요를 주고 싶은데 없네요.. ㅎ,2023.11.07
kg**093,난해하긴 했지만 많은생각을 하게하는 영화였다 지브리의 전체적인 분위기라던가 느낌을 좋아하는 사람에겐 추천한다 마지막 스크롤에 나오는 요네즈켄시 노래의 가사는 영화의 내용을 담아 끝까지 여운을 주게 만들었다,2023.11.07
tn**als16,어렵다는 평이 많아서 기대없이 갔는데 너무 좋았습니다 :) 여러 내용이 들어가있어서 복잡한가 싶다가도 그림이나 전체적인게 좋아서 어느정도 메시지가 잘 전해졌어요,2023.11.07
li**hun,시장통에서 아무 재료나 주워와서 해먹은 기분,2023.11.07
아침에방긋,그대들은 어떻게 잘 것인가,2023.11.07
한짱!,"관점에 따라 느끼는게 다르다고 생각해요. 개인적으로 기존 지브리영화랑은 그림체만 같을 뿐, 스토리적인 감동은 없었습니다. 리뷰나 감독 인터뷰를 찾아보니 어느정도 의도파악은 되더라구요 재미로 보기보단, 생각하면서 봐야 하는 영화같습니다. 한번만 보려고했는데 오늘 두번째 보러갑니다.",2023.11.07
dr**joo,"다소 내용이 많이 난해하고, 어덯게 접근해야 할지 모르겠습니다. 그래도 지브리 그림과 색채는 아름다웠습니다.",2023.11.07
em**omo,다시 보고 싶은 영화 아쉽게도 폭풍으로 두 번 못 봄,2023.11.07
NoMaD,네임드만 있는듯 한 느낌이 있네요,2023.11.07
후니훈훈훈,그림 때문이라도 볼만합니다.,2023.11.07
se**m777,이때까지 본 지브리스튜디오 영화들이 다 맞닿아 있음을 느낄수 있었다,2023.11.07
김민석부장,어렵네요~ 곰곰이 생각해 봐야겠어요,2023.11.07
DJ 지니,해석 영상 보고 재관람하니까 더 재밌어요,2023.11.07
아니오,안산cgv 언제인지는 말안하겠다만 팝콘 조용히처무라 진짜 떠드는건 용서되도 달콤팝콘 입벌리고 처먹는건 인성문제있는거다 그렇게살지마 니 여친도 입좀막아라 뭘그렇게 떠들어싸,2023.11.07
blue333t,2인 18000원 예매 https://open.kakao.com/o/saOfAHJb,2023.11.07
asdfg1,이거 왜 재밌다하지 겁나 잤다,2023.11.07
tr**13,초반후반은 왜이렇게 조각난 느낌이었는지 모를...중반은 재밌음,2023.11.07
KRFOREIGN,마주하고 싶지 않은 현실을 마주하려는 한 소년,2023.11.07
ta**6716,마지막을 보기위해 지루함을 이겨내야하는,2023.11.07
한박,미야자키의 지문이 잔뜩 묻어 있지만 많이 흐릿하다.,2023.11.07
칸이,도서에서 주는 메시지는 용감하게 사과하는 부분인거 같고. 결국 일본의 사과에 대한 부분이 도서 작가 요시노 겐자부의 균국주의 반대와 맥락이 같았다고 보이고 나머지는 재이있는 지브리 애니매이션이죠.,2023.11.07
de**thor,일기는 일기장에..ㅋ,2023.11.07
카카로터,그냥~~잔잔하고 그럭저럭 볼만한 애니메이션 영화,2023.11.07
ou**mj59,평소에 지브리를 자주 보면 이스터에그? 미야자키 감독의 취향이 많이 보여요,2023.11.07
ki**ihyung00,생각할 거리가 많아진 영화였습니다. 요네즈 켄시의 지구본은 절 울컥하게 하기에 충붕한 노래였던 것 같았습니다.,2023.11.07
석삼너구리,거창한 제목 거창한 내용 따라가지못하는 내 머리,2023.11.07
ㄱㅏ윤,볼만해용 근데 제 취향은 아님,2023.11.07
ks**m88,무슨말인지 알겠는데 이렇게까지??,2023.11.07
a9**3063,재밌어요 재밌어요 재밌어요,2023.11.07
kj**1211,재밌네요 웃겨요 킥킥 웃으며 손을,2023.11.07
ze**sum1983,가지고 있는 좋은 것들을 떠올려보고 내게서 한가지씩 사라지는 걸 생각해보고 다 사라지고 난 다음에 나는 무슨 선택을 할까? 그냥 그런 생각이 들었다.,2023.11.07
ch**2228,난해하다는 평이 자자한 것 치고는 이해가 꽤나 잘 되었고 지브리 풍의 작화를 다시 볼 수 있어 좋았다.,2023.11.07
미호키티,감독의 마지막이라고 해서 그런지 여러 지브리의 장면들이 눈에 들어왔지만 그래도 멋진 작품이었어요.,2023.11.07
cg**yang,잼있게 잘 봤습니다*^^* 굿~~!,2023.11.07
ko**dh050323,지브리다운 영화였다 !!,2023.11.07
영화사랑 맨,어렵고 좀 난해 하네요~~~,2023.11.07
ye**yang6,지브리의 예쁜 그림체를 큰화면으로 볼 수 있어 너무 좋았어요 ❤,2023.11.07
ju**wun218,뭘 전달하고자 하는지도 모르겠고 보는 내내 정말 지루했습니다 … 돈 아까웠어요,2023.11.07
Sally,가족애릏 느낄수있다. 엄마자리에 들어온 새엄마의 갈등이 있는듯 하다가 그새엄아를 찾기위한 모험을 하게되는 주일공의 ㅇ농기가 돋보인다,2023.11.07
gy**r99,심오하지만 생각이 많아지는 영화였습니다,2023.11.07
灰夜,잘 살아야죠 암요 그대들도 잘 살아요.,2023.11.07
moon!!!,그대등은어떨게살거ㅛ인ㄱ,2023.11.07
gg**oo,머릿속을 헤집을 만한 스토리와 연개성 이라 할 수 있다지만 그게 오히려 편안했습니다 감동적이에요 설명 못할 그런 기분을 느꼈어요 다시 볼 의향이 있네요 해석하는 재미도 있는 것 같아요,2023.11.07
wo**s7369,난잡하고 개연성 연관 설명 부졸 10/5,2023.11.07
영화보러가자,지브리 특유의 아름다운 풍경!!! 스토리가 좀 가벼웠으면 좋았을 것 같은 느낌!!!,2023.11.07
te**ancivil,지브리는 끝난거같음. 아니 끝났음,2023.11.07
강동구명일동,그대들은 어떻게 살 것인가,2023.11.07
p1**160,내용이 있는거 같기도 하고 알쏭달쏭,2023.11.07
콩해인,"이 영화는 한 권의 책과 같다. 각자의 삶과 굴곡이 다르기에 각자의 평이 다른건 자연스러운것이다. 마치 나츠코와 마히토, 키리코와 히미가 나오는 문이 다르듯이",2023.11.07
jj**0037,보실거면 해석 보고 보는게ㅜ더 흥미로울 것 같아요!,2023.11.07
ja**65,"기존의 지브리 작품들과는 조금 다른, 철학적이고 은유가 많은 이야기. 머리가 나쁜 편이라 그냥 그랬어요. 아마도 삶과 죽음에 대해 말하고, 이 세상을 선의를 가지고 살아가라는 메시지를 전하고 싶은 듯..",2023.11.07
os**33,연세가 너무 많으셔서 그런지 몰라도 너무 '작가주의' 로 방향을 잡은 게 아닌가합니다. 감독 본인이 자기 자신도 잘 모르겠다고 한다는 것이 너무 하네요. 너무 안타깝습니다.,2023.11.07
kb**0613,저는 그냥 그랬어요 !!!,2023.11.07
cjy1658,영화 자체가 미야자키 하야오를 담았다.,2023.11.07
kj**7408,이해가 안되긴하는데 재밌게봤어여 지브리 영화는 진짜 다 👍👍,2023.11.07
dl**gh07,<그대들은 어떻게 살 것인가> 좋았어요 :-),2023.11.07
di**on29,지브리 영화라 기대하고 봤는데 진짜 기대이상 이고 너무 재밌다 진짜로 개씹개꿀잼,2023.11.07
zd**1234,많은 생각을 하게하는 작품입니다,2023.11.07
CGV 상의1% SVIP 영화평론가,와라와라와라와라와라졸귀~,2023.11.07
se**l211,지브리 영화를 영화관에서 본다는 자체가 메리트 있다. 작화와 ost는 이루 말할 것 없이 최고였다. 하지만 개인적으로 스토리에서 이해가 어려워 깊은 여운을 받을 수 없었다.,2023.11.07
su**in199311,난해하지만 지브리의 역작임은 틀림 없다,2023.11.07
할수있다.,과연 그자리에 있을수 있는건가요?,2023.11.07
di**opiano,난해하긴 개뿔. 맨날 질질 짜는 영화나 보니 그렇지,2023.11.07
마인부우98,오랫동안 기다렸고 기대했는데 이것으로 끝 이젠 안녕!!,2023.11.07
aetasaurea,감독이 이젠 늙었나 보다. 어렸을적 동네 할아버지가 주제도 맥락도 없이 뭔가를 가르치시려고 시간과 활력과 100원짜리 하드도 손에 들려 부단히 노력하셨음에도 아~무것도 남지 않았던 그 기억을 다시 하게되었다. 영상도 커튼이 제일 이뻣고. 거의 모든 장면이 이전 지브리의 다른 작품에서 본듯,2023.11.07
js**909,호불호가 나뉜다는 평가만 듣고 영화를 보러 갔습니다..! 저는 개인적으로 지브리 작품들을 원래 좋아하던 사람이라 호에 가까웠어요 난해하지 않다고 하면 거짓말이겠지만 그 난해함 속에서 주는 메세지와 감동이 있었다고 생각합니당,2023.11.07
eu**i102500,영화가 무척 좋아요 오랜만에 좋아하는 감독에 영화를 봤네요 기존 영화들과는 다른 느낌이었어요,2023.11.07
hi**n1997,미야자키 하야오의 일대기를 꿈으로 꾼듯한 느낌,2023.11.07
bl**gri,영화는 재밌는데 뒤에 계신 관객의 에티켓이 최악! 두 시간 내내 팝콘 시끄럽게 드시고 계셨어요. 팝콘 드시러 오냐? 조용해야 집중이 되는 영화인데 소리때문에 몰입이 일도 안됐어요! 다른 관객에게 방해될까봐 조용해달라고 자꾸 말할 수도 없고 직원도 안 계시고. 하여튼 티켓값 너무 아까웠어요,2023.11.07
기쿠지로닷,너무 빡세게 넣었다 너무 힘을 많이 준듯...영화는 한편이지만 한 영화안에 파트가 나눠져있는 느낌. 현세계와 이세계를 나누는 소재는 좋았다. 센과치히로도 세계관이 나눠지는 느낌이 좋았는데 이것도 그런의미에서 소재가 좋았음 다만 그걸 너무 못살린거 같기도. 영화 무얼말하는지 알긴알것같다,2023.11.07
js,개인적으로 넘나 좋았습니다 굳굳!!,2023.11.07
hy**vt1119,인생을 작품화 시킨 작품입니다. 과연 나의 인생은 악의없는 인생이였는지 고민하게 되는 순간이였네요.,2023.11.07
앙키냥,너무 난해한 부부들이 많아서 아쉬웠어요. ㅠㅠ,2023.11.07
이거 괜찮네,주변에서 재미없다거 하는 사람들이 많아사 걍 기대 안 하고 봤는데 생각보다 재밌었음 중간에 좀 졸긴 했는데 지브리는 그래도 믿고 본당,2023.11.07
ald789,노잼.. 시작부터 불쾌하고 짜증남,2023.11.06
li**loucs,"돌아올 수 없는 문 앞에서, 그대는 단 한 번 어떤 삶을 선택할 것인가?",2023.11.06
은빈은빈,평이 많이 갈려서 기대안했는데 저는 너무 좋았습니다! 난해하다고들 많이 하시던데 난해하기보단 상상력이 풍부하다고 느껴지는 부분은 있었어요 이해하기 어려울것같진 않습니다,2023.11.06
po**ery3949,지브리 마지막 작품 뭐가 뭉클하네요,2023.11.06
YUBYUL,좋았어요 헤헷 구웃 👍👍👍,2023.11.06
cr**6177,담고싶은 내용이 너무 많았던 느낌이지만 그래도 생각해볼 만한 부분들이 많아서 좋았습니다,2023.11.06
kk**1030,지브리 작화가 정말 예술입니다. 내용은 불호보다는 왜 감독이 제목을 저렇게 지었는지 알 것 같은 내용입니다.,2023.11.06
mi**h0605,기대했던 것 보다 괜찮아서 재밌게 봤다👏,2023.11.06
이정화,역시 미야자키입니다. 보고나서 마음이 참 좋았어요,2023.11.06
ye**n02,스토리 이해하기 힘든 사람이 많다는데 여러번 봐도 괜찮을 영화고 ost도 좋아서 따로 들어도 될듯합니다.스즈메의 문단속을 보고 이 영화를 보시는 걸 추천드려요! 저는 영화보면서 스즈메의 문단속과 이어진다는 느낌을 좀 받았습니다.,2023.11.06
쎄팅,다양한 컬러와 색다른 영상들로 눈이 즐거웠어요 잠시 현실을 잊고 나도 어떻게 살것인가를 지브리와 같이 고민해보는 시간을 가져봤습니다.,2023.11.06
ca**tt82,재미있게 잘 보았습니다.,2023.11.06
tn**100479,지브리에나오는 익숙한캐릭터를 봐서 좋았습니다,2023.11.06
콘트라,내 삶을 흔드는 기분 좋은 영화다. 애니메이션이니 그렇겠지는 큰 오산이다. 나에게 준 그 파장이 어떻게 출렁일지 기대된다.,2023.11.06
pa**jiwon9,평소에 지브리를 너무 좋아해서 처음으로 IMAX로 봤거등요왕.. 말로 표현할 수 없는 그런.. 작화가 정말 이쁘구요 음악도넘넘 좋습니더😭😭 이해하기는 조금 어려웠지만 엄청 공들인게 느껴졌습니다. 볼지안볼지 고민하고 계시다면 꼭 보세요🙏🙏 IMAX로 보면 몰입감 장난,2023.11.06
ps**in1101,호불호가 많이 갈릴것 같은데 전 엄청 재밋엇어여❤?❤?,2023.11.06
ja**8282,그대들은 어떻게 살 것인가,2023.11.06
호에에에엥,지브리표 이세계 대모험 / 평타는 침 / 이번 작품 별로다 하는 사람들 흥행작 몇편만 보고 큰 기대를 한 사람들인듯 / 다른작품 찾아보면 노잼 많음,2023.11.06
하이하이이이,난해하지만 그냥 흘러가듯 보는 것도 나쁘진 않았다,2023.11.06
얼음숲,동화처럼 다정한 이야기,2023.11.06
rl**nlit,기대만큼 재밌진 않았지만 그림들이 멋졌어요,2023.11.06
mi**h12,역대급 별로.. 음악 그림 다 좋은데 스토리 이해가 어렵 ㅠ 은퇴작이라는데 아쉽다,2023.11.06
jh**70921,별로라는 평이 전혀 이해가 안 갔어요 딱히 해학적인 요소도 모르겠고 완전 재밌게 봤어요 사바사가 좀 심한듯 합니다,2023.11.06
쭈꾸쭈꾸쭈꾸미,마지막으로 본 추억의 마니보다 훨씬 재밌었음!,2023.11.06
써니아리,솔직히 말하면 하야오 작품중에 가장 아쉬운 애니인거 같아요. 아마 다시 돌아가면 안볼듯 하네요. 전쟁 관련돼서 메세지를 전하고 싶었지만 너무 난해한표현? 마지막 장면도 넘 아쉬웠어요. 기대에 한참 부족한 작품이었습니다,2023.11.06
oa**zang,내용은 이해하기위해 노력이 좀 필요하지만 볼만합니다,2023.11.06
율무콩,지구본 노래 들을라고 본건데 ...,2023.11.06
존진,음... 전하고자 하는말은 모르겠으나 지브리여서 봤다 정도..?,2023.11.06
ariyam,전좋았습니다 해설을봐도 재밋고 안보고도 재밋게보았습니다,2023.11.06
웡도리,지브리 감성… 재미는 모르겠지만 좋았어요,2023.11.06
ta**une1024,한번봐서는 바로 이해하긴 어려울꺼 같네요. 그래도 저는 장면마다 주는 의미들이 있는거 같아서 나쁘지 않았습니다. 그리고 지브리가 주는 그 감성만큼은 역시나 너무 좋았습니다.,2023.11.06
ki**oping,옛날 영화들을 생각하고보면 재미없는작품😿,2023.11.06
둥이,그대들은 어떻게 살것인가요를 묻는 영화,2023.11.06
ab**aq,쉬운 작품은 아닌것 같지만 지루한 틈 없이 잘 봤습니다 바로 해석 영상 보러가요,2023.11.06
to**mirae,저는 개인적으로 만족스러웠습니다. 영화가 흘러가는대로 관람하면 좋아요. 특별한 의미를 찾는건 나중에 해석보면 됩니다. 어차피 영화 내에서는 이해를 못해요. 지브리의 전작들과는 뭔가 다릅니다. 지루하긴해요. 근데 후폭풍이 대단합니다. 저는 이 영화 추천합니다.,2023.11.06
나매,90을 바라보는 노장과 그의 애니메이션 스튜디오가 이리 걸어 왔노라며 그대들은 어떻게 살것인지 묻는 작품.,2023.11.06
ur**p012,충분히 좋음.... 괜히 걱정했네.... 잘봤는데요.... ㅋ ㅋㅋㅋ,2023.11.06
ma**0511,ㄴㄴ 진심 감독님 왜이러세요ㅠㅠㅠ 미완성된 작품같아요 그냥 오랜만에 감독님 그림체본것만 좋았고 다 졀로였던 ㅠㅠ,2023.11.06
once at all,아니 대체 무슨 얘기를 하고싶은 거야??? 음악도 끝까지 짜증나고 돈 아까워 죽는 줄 ㅠㅠ,2023.11.06
오아시스이발관,"아늑하지만 고일수 밖에 없는 과거에서, 불안하지만 무한한 가능성의 미래로",2023.11.06
후르끄흐르끄,역시는역시!! 시간순삭 존잼,2023.11.06
ke**816,그림체도 이쁘고 역시 기대했던거 만큼 재밌었어요,2023.11.06
바이코딘,"그대들은 어떻게 살 것인가(자막,IMAX 2D)",2023.11.06
명랑좀비,제목이 의문문이라니 느낌이 쎄했는데 역시나 이상한 작품이었다. 월든을 읽어야겠다.,2023.11.06
네멋대로해라,듣던대로 난해하네요. 아무나 볼 이야기는 아닌 듯,2023.11.06
naraTM,영상미와 ost가 예전만은 못하네요..,2023.11.06
광안리로맨스,기대한 만큼은 아니네요,2023.11.06
양도란,"하야오의 삶의 방향 탐구 그리고 투쟁, 사랑스럽고 판타지스럽게 풀어내다!",2023.11.06
문성희,과연 마지막 페이지일까..? 맞겠지..? 20여년간의 기억속에 있던것이 사라진 기분,2023.11.06
강신환,마지막 자서전 잘 읽었습니다. 그대로 그동안의 업적이 있기에 피쓰..,2023.11.06
해치슬구,그대들은 어떻게 살 것인가,2023.11.06
한번보고또보고,재미있게잘봤습니다 추천합니다,2023.11.06
준또,호불호가 갈리는 후기가 많아 걱정했는데 심하게 지루하진 않았어요. 다만 무얼 말하고자 하는지 난해하고 어려운 내용... 지브리 감성만은 좋았어요.,2023.11.06
RYAN39,"그림체는 여전히 몽글몽글, 의아함 투성이인 이야기와 경말.",2023.11.06
oa**56,역시 지브리 작화는 믿고 봅니다.,2023.11.06
to**0419,"몰입된 순간 주인공에게 공감이 되어서 눈물이 찔끔 났습니다. 추상적이고 비유적인 표현도 많고, 특히나 이번 작품은 기괴한 장면이 많이 나오는 편인 것 같습니다. 지브리 감성 충만한 작화와 결말이 마음에 들었습니다. 혼자서 조용히 다시 보고 싶은 영화.",2023.11.06
gmove1212,자신의 인생을 담아내는 가장 판타지적인 여정,2023.11.06
hxxrxx,인생은 바라는 대로만 진행되지 않는다.,2023.11.06
Rowena,내용은 난해했지만 작화가 예뻤어요.,2023.11.06
ps**70902,해석 안 되고 난해하대서 안 보려다가 그래도 한쪽 말만 듣고 편협하게 생각하기 싫어서 일단 봤는데 너무 만족스러워요! 연출도 너무 좋았고! 아무 생각 없이 영화 보고 싶은 분들한테는 추천 안 해요 가볍게 보기 좋은 영화는 아닌 듯...,2023.11.06
마노아,현실과 판타지를 넘나드는 마법같은 이야기,2023.11.06
mj**0813,잘 봤어요 추천합니다!,2023.11.06
ro**do,확실히 난해하고 이해하기 힘든작품. 넣고싶은거 다 넣었다는 느낌이난다. 시각적효과가 굉장해서 보는 재미도 있었고 나쁘진않았다.,2023.11.06
wj**lsdk0604,오묘하며 생각에 잠기게되는 이야기 마지막 엔딩곡은 꼭 반드시 다 듣고나오길 가사에 유의하여,2023.11.06
에이제이,일개 감독의 상업 판타지 영화에서조차 일본 식민 시대 과거 전쟁에 대한 반성과 사과를 바라는건 과연 합당한지? 영화는 좀 있는 그대로 영화로만 봐라,2023.11.06
또오치,작화는 역시 예뻐요 근데 뭔가 되게 심오한데 그걸 잘 못알아보겠어요ㅠㅠ,2023.11.06
무궁화(요원),영화는 IMAX 재미있게 잘 봤어요.,2023.11.06
py**om12,뭐랄까 라면을 끓이는데 라면스프를 너무많이 넣은 느낌;;; 재밌었지만 너무많은걸 담아서 담고있는 의미를 제대로 이해하지 못했습니다.,2023.11.06
le**hgs,기대만큼 정말 좋았어요,2023.11.06
재중바라기별,내용이 좀 이해하기 힘들지만 그래도 좋았어요~,2023.11.06
ge**anyia13,이냥저냥 볼만 한것 같다.,2023.11.06
lo**wl1021,"굉장히 지브리적인 영화. 가장 미야 감독 같은 영화가 아닐까싶다. 자전적인 이야기가 굉장히 많이 담긴듯. 배경과 미술은 서양화, 서양영화가 많이생각난다.",2023.11.06
ks**j7,글쎄요 그림체 빼고는 지브리라는 느낌도 없고 스토리도 중간에 구멍이 왜캐 많은지 소설을 애니화 한거라 분량 조절 실패했나... 의문만 남고 끝나버렸음,2023.11.06
wj**msjj,영상미가 매우 좋았습니다,2023.11.06
pa**sooa,마히토 너무 잘생겼다....,2023.11.06
jo**eon0212,미야자키 감독 작품은 다 명작이에요,2023.11.06
쁘띠콩♪,감독 이름만큼은 아니지만.. 뭐...,2023.11.06
mo**ekhs2579,역시 지브리는 날 실망시키지 않는다,2023.11.06
tn**3355,역시 지브리감성.. 좋아요!,2023.11.06
모범러너,신비로운 세상으로 떠나는 여행.. 거기서 주인공은 올바르게 나아간다..,2023.11.06
kk**0652,너무 기대하고 봤고 지브리 애니처럼 보고서 와 ..할 줄 알았는데 처음엔 잘 모르겠다 싶은 부분도 많고 의문도 많이 생겼지만 어떤 의도로 작가님이 이렇게 표현했는지 알게되니 너무 소름돋고 영화 너무 잘 봤다는 생각도 들면서 마지막이라고 하니 아쉬움도 큽니다 ㅠ 영화 ost 꼭 듣고가시길 ..,2023.11.06
ji**e7321,내용은 조금 이해하기 어려웠지만 걱정보다는 재밌게 잘 봤어요~ 나중에 한번 더 보려고 합니다 :),2023.11.06
민주주의하세요,현실에선 과거를 되돌릴 수 없으니 착하게 살라는 교훈일까? 잘 모르겠다,2023.11.06
hoonee8480,예매만하고 못봤어요 ㅠㅠ,2023.11.06
초코에몽님,영화가 너무 난해했어요!,2023.11.06
ak**enoan,이런걸 7년이나 아무런 제약없이 만들고 앉았으니 회사가 팔리지,2023.11.06
ho**berry625,진짜 어떻게 살아야 하지,2023.11.06
ja**rayoon,"이런저런 해석들을 찾아보고 재관람하니 많은 것을 느끼고 즐길 수 있었습니다. 영화가 어려우신 분들은 해석 찾아보고 재관람하시는 것도 추천드려요! 물론 내용을 전부 이해하지 못하더라도 작화와 음악, 지브리만의 분위기로 충분히 행복해질 수 있습니다🦩",2023.11.06
fl**uni,에그지수가 왜 낮은지 이해가 되지 않을 정도로 잔잔히 집중하며 잘 봤습니다.,2023.11.06
블루엣486,너무 어렵고 색다른 점도 없고 매력 포인트도 없었다,2023.11.06
tj**srud123,넘 심오하긴한데 킬링타임용으로 딱이에요,2023.11.06
as**sia28,재밌게 보고 왔습니다..,2023.11.06
김프로,뭘 얘기하려는건지 모르겠네요...,2023.11.06
보송보송,조금 어려웠지만 어떤 이야기를 하려는지는 알 것 같기도 하고.. 철학적인 의미가 담겨있는 것 같은데 생각보다 어려웠고 애니메이션 표현력은 가히 뭐라 말하기 힘들정도로 부드럽고 보기 편했다!,2023.11.06
dh**l02169,처음 봤을 땐 난해하다 생각했는데 여러번 봐야 이해되는 영화,2023.11.06
bo**1216,기대1도안했는데 넘괜츈은데요?,2023.11.06
ym**2023,다들 별로라고 하시는 분들이 많으셔서 걱정 많이 했는데 나름 괜찮고 재밌게 봤어요. 전하시려는 것도 무엇인지 알았고 좋았습니다. :),2023.11.06
찰랑소년,오랜만에 미야자키 하야오 작품을 볼수 있어 반가웠습니다. 난해하다 어렵다 소문이 많아 아이들과 함께 관람하는거라 걱정했지만 재밌게 잘 봤습니다.,2023.11.06
dh**he10,난해하다는 평 많아서 해석 먼저 보고 봤더니 걍 개재밌게 감상할 수 있었음 해석 먼저 보는거 추천,2023.11.06
10**sua,긴말 필요없습니다. 👍🏻 또 보러가겠습니다 👍🏻,2023.11.06
그림자놀이,이게 전쟁애 대한 영화라 비판과 옹호 사이에서 모호한 태도로 일관한게 문제 같은데 그래서 뭐 감동도 없고 재미고 없고….,2023.11.06
rk**l5703,역시 지브리스튜디오 작품이다!,2023.11.06
R0.00,생각할거리가 많은 영화다. 곱씹을 수록 무언가 새로운게 나오는 것 같다.,2023.11.06
hy**326,지브리감성이 좋아요~,2023.11.06
초록별지구,잘봤습니다.감사합니다.,2023.11.06
al**hlee,하울의 움직이는 성과 이웃집 토토로처럼 판타지가 중심인 영화를 기대를 안 하고 보면은 생각보다 가슴 깊게 스며드는 영화. 역시 미야자키는 거장이다.,2023.11.06
ye**soo08,전 좋앗어요 지브리만의 감성이 역시좋아욤,2023.11.06
bh**ble2,보기에는 괜찮았어요ㅎㅎ 내용은 그닥 마음에 들지는 않았지만 잘 봤어요,2023.11.06
le**asmik,전쟁과 죽음을 보고도 찬란히 빛났던 작가의 세계. 이제 그 막을 내리고나면 현실을 살아가야할 여러분께 차분한 목소리로 인사를 전합니다.,2023.11.06
ch**398,아들이.재미있다고 합니다.,2023.11.06
khg3120,뭘 말하고 싶은건지...,2023.11.06
영화보면 우는 사람,"평에 후한 편인데, 그냥 초중반부터 아슈발꿈 엔딩이길 바랬을 정도로 개연성 없고 내용이 이도저도아닌딱 꿈꾸는 느낌. 작화보러 갔다왔다고 생각해야 그나마 돈이 덜 아깝습니다. 엔딩 크레딧 나오자마자 영화관에 응? 소리가 곳곳에서 들린 걸로 말 다했고, 켄시 노래고 뭐고 바로 튀어나왔읍니다..",2023.11.06
wn**swl96,"이해는 못하겠지만 감동은 받는다 나 또한 이 영화를 잊고 이 세계를 살아가겠지 어느 한 켠에서 살아가고 있을 왜가리, 큰할아버지",2023.11.06
머스턩,별 시답지않은 내용인데 말들이 많아 그냥 봐 아무내용도 없어니까,2023.11.06
눈웃음지기,"주인공이 새로운 인연을 받아들이는 과정을 직설적으로 보여줌 내 세계 속에서 살 것인가, 알을 깨고 나올 것인가의 선택의 고민을 남겨줌",2023.11.06
ms**825,기승전결이 뚜렷하지 않아서 대중성은 떨어지지만 깊이 생각안하고 지브리 특유의 작화와 비범한 상상력을 즐길 수 있다면 충분히 볼만한 영화입니다,2023.11.06
jb**9507,먼말인지 도통 모르겠지만 결론은 좋은 영화,2023.11.06
sh**50904,무슨 말을 전하고자 하는지 모르겠네요.. 제 머리로는 이해가 안되나 봅니다ㅜㅜ 중간중간 조느라고 제대로 보지도 못했네요. 그렇다고 다른 사람한테 비추천할 영화는 아닌거 같습니다. 사람마다 감상은 다른거니까요.,2023.11.06
hu**u78,미야자키 하야오 감독이 그대들 어떻게 살 것인가 질문하기 위해 자기 삶을 보여주는 영화라고 하는 리뷰를 봤는데 너무 적절한 설명인듯. 불친절하다고 느껴질 수 있지만 스토리를 논리적으로 이해하려 들기보단 장면과 인물들에게서 직관적으로 느껴지는 감정에 집중하는 것이 좋겠다.,2023.11.06
태영장,골때리는 영화네요. 좋았어요. 지브리 중에서 제일 흥미롭게 예측 불가능한 이야기였다. 굳 굳,2023.11.06
WARNING,볼땐 몰입해서 봤는데 끝나고 나니 뭘 말하고 싶은 지 잘 모르겠는 영화였어요 그치만 재미가 없던 건 아니었고.. 해석을 보고나니 이해는 가네요 주관적인 해석이 많아서 보고나서 주변사람들과 생각나누기 좋았습니당,2023.11.06
단것,지금까지 지브리 영화중에 캐릭터들의 동기가 이렇게 이해가 안 간건 처음.,2023.11.06
bs**ihye,억지로 봤어요. 해석 봐야 할 것 같아요,2023.11.06
둥둥웅웅둥,저는 생각보다 괜찮았어요,2023.11.06
je**i612,너무너무 잼났습니다!! 강추예요 ㅋㅋ,2023.11.06
tl**630,ㅎㅎㅎ이브고지루 ㅠㅠ,2023.11.06
백조쥰,"오랜만에 봬서 좋긴한데, 무슨 말씀을 하고 싶은거에요..",2023.11.06
ho**o20,미야자키 작품 중 제일 별로입니다. 난해하고 보는 내내 이게 뭔가 싶어요...,2023.11.06
lk**lkck,마히토 이복동생 졸귀쓰,2023.11.06
pk**5232,조금 난해해요 설정부터가 너무 좀 이해가안가는부분이 많습니다,2023.11.06
길양,그러게.. 나는 앞으로 어떻게 살아야 할까..?,2023.11.06
jh**e3232,결론에 다다르기까지 조금 꽤 지루했다,2023.11.06
d**ni*,"죽은 엄마에 대한 그리움과 자책감에 힘들어 하는 마히토가 보여주는 의식의 흐름 .. / 펠리컨, 왜가리, 앵무새 , 생선 죄다 징그럽고 혐오스런 그림체 .. 원래 미야자키 영화에선 빵마저도 맛있게 그려졌었는데, 이 영화에서는 식빵에 바른 딸기잼도 피같이 느껴지는건 갠적 의견 .. :)",2023.11.06
vk**xn15,작화가 너무 예뻐요. 마히토에 감정이입해서 보니 너무 재미있네요. 한 번 더 보고싶어요,2023.11.06
ph**224,재미있게 잘 보고 갑니다,2023.11.06
심점레,"마치 내 꿈을 시각화, 영상화한듯한 이야기",2023.11.06
rara,"하야오 감독님의 작품을 특별히 사랑해서, 거의 다 감상한 사람으로써 이번 작품은 좀 색다르다고 많이 느껴졌는데, 작품의 결도 그랬지만 전체적으로 작품에 힘이 너무 많이 들어간 느낌이 들어서 오히려 좀 아쉬웠어요.",2023.11.06
eu**ing07,그림체 너무 예뻐요 ㅠㅠ,2023.11.06
fx**inglife,사랑과 배려가 변질되더라도 그래도 살아간다.,2023.11.06
pk**343,기대가 컸나봐요. 좀 지루했고 공감도 잘 안되네요.,2023.11.06
la**sama01,"재미있게 봤어요..,,,",2023.11.06
vo**j79,어렵긴한데 생각보다재밌고 영상미가넘좋아요,2023.11.06
이이이이이이_,음악 영상 내용 모두 좋았음,2023.11.06
TINO,재미있게 잘 보았습니다.,2023.11.06
쥐며느리사타구니,여러가지 삶에대한 주제를 담은 옴니버스 구성 같음 그래서 난해하게 느껴짐,2023.11.06
li**ep1ian,엄청나게 재밌진 않고… 어느정도 볼만한 영화?? 감동적인 내용!,2023.11.06
je**ee93,미야지기 감독이라 끝까지 지켜봄,2023.11.06
JIIIIIIIIIIIIN,별로에요별로에요별로에요,2023.11.06
lj**11,그대들은 어떻게 살아갈 것인가?,2023.11.06
그믄스,미야자키 햐아오: 마지막이게 아니게?ㅋㅋ,2023.11.06
라스티,전후좌우 사정을 알아야 그나마 이해가 될듯,2023.11.06
oh**01,그래서 어떻게 살라는건가요?,2023.11.06
영화 N 커피,기존 스타일과는 좀 다른듯하지만 그래도 상상력도 자극되고 거장이 괜히 거장은 아니네요!,2023.11.06
월남 김원사,이게 영화야...중간웅간 졸다 뭐가뭔 내용인지...,2023.11.06
sm**1510,표현 방식이 독특했으나 표면적으로 의미하고자 하는 바는 이해할 수 있었다.,2023.11.06
ny**23,didididkdjchjx,2023.11.06
se**1230,많은 생각을 하게 되는 영화에요,2023.11.06
ja**i0728,지루하지 않고 재미있게 잘봤어요,2023.11.06
pa**073,지브리를 영화관에서 볼 수 있다는 게 제일 좋았음 하지만 역사적 배경을 생각한다면 불편한 것은 사실임,2023.11.06
dn**d12481,재미있어요옹추천합니다,2023.11.06
ja**gi8860,재밋는데... 졸려소 그냥 잠,2023.11.06
줴라즈,그대들은 어떻게 살것인가 잘 봤어요,2023.11.06
즐거워11,심오한 줄거리라 다큐 좋아하시는분들은 나쁘지 않을듯요,2023.11.06
청결한겨드랑이,영화가 재미있었고 심오했음 ost가 적재적소에 잘 사용되어서 영화를 시청하는데 더 몰입이됨,2023.11.06
so**im001,사람들 평에 난해하다는 이야기에 기대치가 낮았는데 예상과 달리 쉽게 내용 해석을 유추할 정도의 전계와 캐릭터의 감정라인을 잘 따를수 있고 특유의 지브리 느낌을 느낄수 있어 좋았습니다.,2023.11.06
se**on0403,사람들이 해석하기 어렵다고 했지만 난 되게 재미있게 쉽게 편하게 봤다.,2023.11.06
토레타중독녀,영화 초반에 느낀.. 14000원을 낭비한듯한 불안한 느낌이 영화 끝날 때까지 이어졌어요 뭐라는지 모르겠고 영상미나 음악은 좋네요 이걸 하나하나 그렸다니,2023.11.06
ga**sim1st,짱좋아요 진짜 눈물남 제친구는 이해못함.. 근데 전 진짜 재밌게봤어요. 생각이 많아지는 영화 오랫만이라 좋았습니다,2023.11.06
su**ylee402,도무지 무슨 말을 하려는 건지!~,2023.11.06
ha**n9296,역시 지브리네요.. 그림체 너무 이쁩니다. 재밌게 봤어요,2023.11.06
bs**90828,그대들은 어떻게 살 것인가,2023.11.06
kj**kyu,잉꼬가 귀엽네요..ㅋㅋ,2023.11.06
sk**o0729,미야자키 하야오의 마지막작품이라하여 관람하였습니다 아이들이 보기에는 다소 무거운 주제가 아닐까하는 생각이들었습니다만 어른들이 보기에는 울림있는 영화였어요,2023.11.06
울트라!,즐거운 영화는 아닌듯합니다. 너무 많은 해석이 필요한 영화입니다,2023.11.06
"Dal,",여러 지브리 작품들이 떠오르면서.. 적당히 재밌으면서 밍숭맹숭 하면서.... 아쉽다,2023.11.06
텅빈충만,역시 영상미는 쥑이네요 제목이랑 어케 매치해야 될지 모르겟지만 그냥 생각이 많아지는^^,2023.11.06
나서윤♡,많은 생각을 하게되는 영화 재밋게 잘 봤습니다,2023.11.06
고-Z,한 세대의 끝에서 다음 세대를 축복하다,2023.11.06
ww**bn0717,재밌다기 보다는 생각이 많아지게 만든 영화같아요. 어떤 말을 전달하고 싶은건지 영화내내 생각하게 한달까?,2023.11.06
v로터스v,결국 이렇게 이어지는 건가..,2023.11.06
모린,지브리 다ㆍ역시 그렇다ㆍ 하지만 주제에 있어 우리는 분명 알고 보아야함이 필요하다ㆍ,2023.11.06
훈13세,멍청해서 뭘 말하고 싶은건지 잘 모르겠어요..,2023.11.06
mg**999,영상미 좋아요 이해를 하기보다는 그냥 받아들이는게 좋을 것 같아요,2023.11.06
zy**g265,내용이 집중해서 보기 힘들었네요,2023.11.06
kh**578695,재밌다는 말보단 느껴지는게 많은 영화네요,2023.11.06
wh**sdl1127,왜 은퇴 정정을 하신지 알겠는…,2023.11.06
HYONDI,어른이 되어 영화관에서 미야자키 하야오 감독의 영화를 볼 수 있는 감동과 내용도 감동이 큰 영화라 너무 좋았습니다!,2023.11.06
hy**m0317,지브리만의 독특한 세계관이 너무 좋다,2023.11.06
이리나,그대들은 왜 이 영화를 만들었는가,2023.11.06
mm**0000,그냥 그럭저럭.. 볼만해요,2023.11.06
ch**top,그대들은 어떻게 살것인가,2023.11.06
탄빵7477,그대들은 어떻게 살것인가..,2023.11.06
70**mf,내용이 조금 어려워요 ...ㅎ,2023.11.06
ssoyan,나가사키 짬뽕 같음ㅋㅋ,2023.11.06
달덩군,영상미만 돋보이네요..ㅠㅠ,2023.11.06
와후!,뭘 바라는지 잘 모르겠네요 메세지 내용이 이해하기 힘드네요,2023.11.06
빅지니,인생이란 그런 것. 그러나 각자에게 의미는 다른 것,2023.11.06
sq**b20,잔잔하게 보기 좋았어요,2023.11.06
장숑장숑,소년은 알을 깨고 나와야하는것,2023.11.06
sd**djsdj,7점이다 꿈꾸는기분,2023.11.06
훈현아빠,전체적으로 잔잔하게 흘러갑니다 끝에 잠시 잼있어지나하나 끝남,2023.11.06
다으은,주변에서 들은거에 비해 아예 이해가 안되지는 않지만 어렵고 난해한건 있네요! 와라와라 짱귀,2023.11.06
z2**6free,기괴하네요 음 애기들은 무서워할듯,2023.11.06
ji**park0208,"호불호가 갈린대서 걱정했는데 너무 재밌게 봤고, 지브리를 일단 스크린으로 볼 수 있어서 너무 좋았음",2023.11.06
badgamja,그럼에도 불구하고 더불어 사는 세상을 만들어가며 살아갈 것이다.,2023.11.06
rm**ks01,"너무너무 지루해. 완전 비추. 같은 감독이라고 하울,센과 치히로 생각하고 보면 안되요,절대.",2023.11.06
s민영,슬펐지만 감동도 있고 많은 이야기가 있는 내용이라 좋았습니다.,2023.11.06
작은새,환상적인 풍경과 휴머니즘을 보여준 영화임다,2023.11.06
sj**qh5698,보고 유튜브 해석영상 보면 깔꼼,2023.11.06
bb**7862,난해하다...면 난해하겠지만 정말 많은 생각이 들게 하고 감동과 여훈이 남는 그런 영화였음,2023.11.06
hw**ny0818,너네들 어케 살 거임…?,2023.11.06
so**ygood,왜가리 와라와라여 어떻게 살것인가..,2023.11.06
do**0121,"지브리영화의 총 집합체 같은 느낌이었어요 지루한 감도 초반에 없지않아 있었지만, 초현실적인 느낌이 좋았고 볼 거리가 풍성했습니다🥰",2023.11.06
kw**lee89,호불호 심하게 갈릴듯 불친절함,2023.11.06
ka**in6018,죽은 아내 여동생이랑 결혼한 아빠가 나오고 이해하기 어려워도 재밌었다,2023.11.06
맥 롸,호불호가 너무 갈리는 평이 많아 그래도미야자키 작뭄이라 보러 갔는데 그낭...,2023.11.06
sh**s5639,그냥 볼만한 정도 그렇개 재밌진 않음,2023.11.06
wl**h5697,미야자키하야오가 알려주는 삶,2023.11.06
ne**lessyun1,난해하다는 평이 많아서 걱정했는데 감독에 대한 정보랑 당시 배경 같은 정보 알고 가니까 그렇게 난해하지는 않은 영화 생각을 많이 하게 하는 영화는 맞는 거 같다,2023.11.06
강채히,다들 후기가 안좋고 지인들 후기도 없어서 기대안했는데 생각보다 재밌게 봤어요 이해가 안간다는 말들이 있어 걱정했는데 그런 것 전혀 없이 잘 보고 나왔습니당,2023.11.06
태권효선,심오하다고 하여 어렵다고 하여 볼려고 하지 않았으나..생각없이 재미지게 봤습니다.,2023.11.06
di**z114l,"나는 지금 껏 이렇게 살아왔다, 그대들은 어떻게 살 것인가.",2023.11.06
na**o2,역시 영상은 미야자키하야오,2023.11.06
kk**g1254,이번 영화 같은 경우 인간의 탄생과 사후세계를 철학적으로 표현한 지브리 영화같습니다. 이번에 지브리 영화같은 경우 이전과는 달리 진입장벽이 높은 편입니다.,2023.11.06
나는 몽고반점,재미있지만 재미가 없는 지브리 영화 중 제일 아니었던 거 같다,2023.11.06
rl**udxo0923,영화 조금 지루 했어요~,2023.11.06
km**941,영화 재밌게 잘 봤습니다,2023.11.06
mo**6990,아주 재밌게 잘봤습니다!,2023.11.06
tn**sfl,"고난한 현실과 부족한 나를 벗어나 이상을 꿈꾸지만 결국엔 현실에서 더 성장한 나, 더 나아진 나를 만날 수 있을 거다..그런 용기와 위로를 전해주는 영화다.",2023.11.06
오로나미씨,참 어떻게 살아야 하냐 정말,2023.11.06
서울마녀,그대들은 어떻게 살 것인가 잘 봤습니다.,2023.11.06
godonggo,간만에 보는 상상력이 풍부한 진짜 애니메이션,2023.11.06
쭌~짱!!,그냥 그랬어요~아이가 보고 싶다해서,2023.11.06
hi**ran,미야자키하야오의 종착역 같은 느낌의 영화였다. 그동안의 지브리가 환상적인 동화같은 이야기를 주로 들려줬다면 이번영화는 뭐랄까 그동안 그 세계를 만들어왔던 사람들의 현실과 이야기를 풀어낸것 같은 느낌이였다. 정말 어떻게 살것인가 라는 물음을 던지는 영화아니였을까 싶다.,2023.11.06
섭블리리,내용을 이해하기 어려웠어요,2023.11.06
의찬짱,너무나 감동적 하야오의 세계에서 살고싶다,2023.11.06
으허허허헝,상영시간 동안 지루함을 느낌,2023.11.06
슨증이,"미야자키하야오 마지막 작품이라서 더욱 보고싶었던 영화, 처음부분은 이해못했지만 엔딩 노래속에 줄거리로 말해주었다, 큰할아버지가 자신이라는걸~ 마음의벽을 허물었다는 심오한 이야기",2023.11.06
낙타그리기,내용이 나름 어렵네요.,2023.11.06
om**ak,중학생 자녀는 이해하기 좀 어렵다고 하네요,2023.11.06
su**1289,마히토도 큰 할아버지도 감독이라고 생각하면 뭔가 생과 사의 갈림길이면서 윤회가 시작되고 만나는 곳이 배경이라 생각되는게 히나도 저기서는 어린 모습으로 기억되고 나오는것에서 그런 생각이 들었고 시간의 흐름이 어떻게 되는 곳인지는 잘 모르겠지만 그 각각이 품은 의미들이 정말 좋았습니다,2023.11.06
jaeheon777,"지브리 애니 특유의 깊은 울림과 교훈, 감동 마치 동심으로 돌아간 느낌 이었습니다! 영화 한번 보고 해석 영상 보고 재관람 하면 더 재미있을거 같아요~",2023.11.06
누나저랑영화어때요,그냥 보면서 도대체 몇 프레임일까 싶었음. 개인적으로 지브리만의 찝찝한 뒷맛이 가장 컸던 영화인 듯,2023.11.06
양정희 탈덕 위기남,"엄청 난해해요, 전 보고 많은 생각을 하게 됐고, 아이맥스로 봐서 그런가 화면이 커서 새들이 좀 많이 징그러웠어요. 조류공포증 없는 저도 울렁거렸는데 조심해서 보시길! 근데 스토리적으로는 충분히 볼만한 가치가 있는 영화라고 생각합니다! 그리고 약간 스즈메 느낌이 없지 않아 있는..",2023.11.06
ks**mart,역시나 미야자키.. 결국는 미야자키.. 감동은 있었지만 유쾌하진 못한 영화 지브리 팬이라면 봐야죠 ㅋ,2023.11.06
ye**0369,재미는 있었는데 해석은 잘 안되네요,2023.11.06
kj**4115,"엔딩을 본 사람들 대부분은 의문을 표현할 듯 하다.하지만 지브리만의 독창적인 표현들 여러 장면에 숨은 뜻들을 천천히 곱씹다보면 ""그대들은 어떻게 살 것인가""라고 물어보는 감독의 의미를 찾아볼 수 있을 것이다",2023.11.06
yeoreumx,"미야자키 하야오 감독의 이전 작품들에 대한 오마쥬가 상당하고, 자전적인 영화라는 게 잘 느껴짐 관객들이 ‘그래서 저 어떻게 살까요?' 기대하는 마음으로 기다렸을 것 같은데 적어도 나는 그랬음 메세지가 명확함, 은유가 많아서 생각하게 한다는 것도 좋았음",2023.11.06
콩나물장사,왜가리가 주 이미지인 이유를 아직도 모르겠어요.,2023.11.06
un**72,많은 생각을 할 수 있었어서 즐거웠습니다.,2023.11.06
야호^,"내용은 역시 이해가 안됐지만, 작화와 애니메이팅, 영상미와 브금이 좋았습니다.",2023.11.06
mirossam,다행히 할모니들이나 와라와라 상품들이 없군 ㅋㅋㅋ,2023.11.06
해탈이,기존의 작품들보다 좀 난해하기는 하지만 기본 이상의 퀄리티는 보여준다,2023.11.06
sw**tberry16,지브리의 종착역을 두눈으로 볼 수 있다,2023.11.06
ki**ihwan080,웅장한하고 좋았어요~,2023.11.06
km**61028,애니메이션이라 신선했어요,2023.11.06
dl**dus1014,힐링하기 좋은듯요.. 근데 꼭 봐야된다 이정도는 아니에요. 너무 기대를 해서 그런가 좀 실망이었어요 이해도 잘 안되구요. 하지만 지브리 감성을 좋아한다면 보기좋아요,2023.11.06
ks**h1203,지브리 감성을 제대로 느낄 수 잇던 영화였음 !!!! 오랜만이 신작이라 재밌게 봤던 거 같아염,2023.11.06
j1**119,좋았어요 좋았어요 좋았어요,2023.11.06
ha**32,재미있게 보앗습니다.,2023.11.06
삼정고양이,작화도 아름답고 재미있었습니다,2023.11.06
ce**ow,"영상은 예쁜데, 심히 어려웠던 영화~~ 결국 해석은 여기저기 찾아봤네요~^^;",2023.11.06
sweetsorrow61,"스토리가 난해하지만 볼만했던, 관람 후 반추하게끔 만드는 영화였던것 같아요.",2023.11.06
mi**uk8465,기대가 넘 컸나봐요 ㅠㅠ 난해하고 복잡했어요.. 작화도 처음만 좋고 뒤로 갈수록 음악도 기대했는데 .. 안들리는 ..,2023.11.06
혜니☆,감독의 일생을 알고 보면 이해되는 영화,2023.11.06
청금산청월,사람의도리를다하며살면인생헙난하지않고즐겁게재미있게살수있다,2023.11.06
순열찡,조금 난해했는데 미야자키 신작봐서 좋았습니다,2023.11.06
우유지유,지브리 영화라고 궁금했는데 관람평이 그닥 좋은 것 같지않아서 걱정하면서 봤어요 근데 저는 재미있게 봤어용!,2023.11.06
구리구리땡땡,와라와라 너무 귀엽다..! 기대보다 더더 재밌었음,2023.11.06
Rick,영상미는 좋은데 무슨 애기를 전달하고 싶은 저는 잘 모르겠네요,2023.11.06
kh**eogre8,재미있었습니다...,2023.11.06
ga**kul,그어살 재미있네요..,2023.11.06
yu_nni,아니 이거 왜 개쓰레기영화라고 하는거임 난 진짜 너무너무 잘 봤는데ㅠㅠ 생각을 두번 세번 네번 하게 만드는..지브리가 짱이다,2023.11.06
lh**on1008,반복해서 볼 수록 보이는 게 많아지네요. 시간과 여유가 있다면 천천히 두고 오래 볼 영화 인거 같습니다. 해석하기 무척이나 어렵지만 그래서 해석할 여지가 많은 영화라고 생각합니다. 지브리 애니메이션을 좋아하는 사람으로서 새로운 작품을 영화관에서 볼 수 있는 것만으로도 너무 좋습니다.,2023.11.06
뙤링,미야자키 작품 특유의 그림체가 좋았음,2023.11.06
gu**t9094,삶을 돌아보게 되는 영화 많은 것을 이해하려고 하지 마세요 그냥 물 흐르듯 영화에 몸을 맡기고 감상하시길 ..,2023.11.06
so**00312,기대만큼는 아니지만 볼만 했다…,2023.11.06
sa**sud5,저는 개인적으로 재밌었어요,2023.11.06
fi**eos,롶ㅇ으퍼ㅓ러ㅓ파라아휼,2023.11.06
NAVILLELA,앞뒤가 다 들어맞는 영화를 원한다면 보지 마시라,2023.11.06
ap**lgentian,애그지수가 깨져선 안되는 대작,2023.11.06
망용넹증,"전쟁의 주축이던 그대들이 전쟁에 의한 본인들의 희생을 얘기하고 슬픔을 언급하며, 다음 세대에게 그대들은 어떻게 살 것이냐 물어보는 뻔뻔한 영화",2023.11.06
영화에미치당,머리로이해하려면 난해하다 전달하고자하는 마음은 무엇인지 알겠다..마지막 작품이라 의미있게 관람했습니다.,2023.11.06
so**iee,"지브리의 감성, 포근한 그림 아주 훌륭합니다!!! 스토리는 난해하긴하지만 떠오를수록 생각을 많이 하게 되는 만화입니다.",2023.11.06
el**e080408,완벽한 작화에 그렇지 못한 스토리 스토리가 와닿지 못한 부분이 아쉬워요,2023.11.06
pr**m1240,몰입감이 좋은 깊은생각을 할 수밖에 없는 영화!! 한번 더 볼 생각임 ㅎㅎ,2023.11.06
아메리카노~,그동안의 지브리의 모든 이야기를 하나로 녹여낸 이야기,2023.11.06
Kim Lennon,사라하라하아교효라하파,2023.11.06
gu**oon54,그대들은 어떻게 살 것인가,2023.11.06
yo**070823,"다소 철학적인 이야기를 담고있는 작품이다 세상에 이상적인 세계, 유토피아는 없다 이것이 좋은가? 저것이 좋은가? 실상은 별반 다를게 없는데 말이다 이 모습 저 모습을 모두 받아들이고 살아가는게 어쩌면 우리가 깨달아할 진리이고 작품이 말하고자 하는 것 같다.",2023.11.06
루이비똥~♡,일본 애니메션~^ 너므 기대를 하고 봐서 그런지 솔직히 기대만큼 재미있지는 않음...내생각... 약간의 지루함도 없지않아 있었고 나름 볼만한 영화다,2023.11.06
♡strawberry♡,재밋게 잘 봤습니다|!,2023.11.06
schweet,인생은 아름다운 악몽. 이걸로 하루는 됐어.,2023.11.06
Bbeeee,"재미있었고, 힐링했습니다 !",2023.11.06
zc**01236,재미있어욯ㅎㅎ다음에도 보고싶은데 볼수있을려나.,2023.11.06
ra**erred,알쏭달쏭 글쎄 굳이 ..,2023.11.06
은곰님,하고 싶은 이야기가 아직도 많이 남은 듯하다. 그 큰할아버지가 자기라고 생각한 걸까? 한편으로는 자기의 작품세계가 사라짐을 나타내고 싶었던 듯.,2023.11.06
ha-ru,이세계관!! 그분에 심정으로 잘관람했씁니다,2023.11.06
yj**47,하나의 영화에 너무 많은것을 보여줄려고 하지만 하나의 주제도 다가오지 않았다 거장의 열정을 받아들여야 하는 평범한 사람은 단순한 주제를 받아들이기 쉬운법이죠,2023.11.06
임학동비둘기,생각이 좀 많아지는 영화. 자극적인 것들이 넘쳐나는 요즘 담백하게 보기 좋았어요,2023.11.06
박둥둥둘째누나,무난하고 웃깁니다 와라와라가 귀여움,2023.11.06
rk**s9663,"아 최근들어 본 영화 중 제일 별로예요,,, 중간에 보다가 자버린 영화는 손에 꼽는데 추가됐네여",2023.11.06
ka**aryeon,예술가들의 정신세계는 개어려움,2023.11.06
뮤비스톼,재미없어요 .... 기괴하고 ..,2023.11.06
쏘봄,추억의 작화와 어지럽고 난해한 스토리의 조합,2023.11.06
정아초이,저는 너무너무 재밌게 봤는데 호불호가 굉장히 많이 갈리네요 이 영화를 온전하게 이해할 수 있는 사람은 아무도 없을 거고 작품이란 건 본인이 이해하기 나름이니까요,2023.11.06
co**uv,뭔가 어렵긴하지만 이해는 되는 추억돋는 작화~~,2023.11.06
nofear,진짜 마지막일지 모른다는 조급함에 반짝임을 잃어버린 거장의 불꽃,2023.11.06
twkk,너랑 보고싶었는데 너가 없네,2023.11.06
영화조아용~,생각보다 괜찮았어요!,2023.11.06
ee**her,난해해서 이해하기 힘들었지만 볼만했어요,2023.11.06
뚜웅냥,거창한 제목과 부실한 내용,2023.11.06
kim0721,내용이 좀 어려웠다.. 뭘 전달하려는지 잘 모르겠음,2023.11.06
qk**jdco1995,조금 난해하긴함..해석나름,2023.11.06
ke**y6256,음 이해가 안가는 부분도 있긴 했지만 나름 볼 만 했다. 하지만 돈이 아까울 거 같으면 나중에 ott로 보는 것도 나을 것 같다..,2023.11.06
parkbg04,재밌게봤어요 재밌어요,2023.11.06
ru**ml9896,이번 작품은 스토리의 진행으로 감정을 전달했다기 보다는 하나하나 모든 것에 의미를 부여해서 그걸 풀어서 생각하는 과정에서 감동을 주는 작품 이었기 때문에 여태 본 지브리 애니중에 제일 예술적이고 철학적인 작품 같다고 느꼈습니다. 평소에도 철학적이고 메세지가 담긴 작품을 좋아한다면 추천,2023.11.06
베레베레베레,이게 뭐지 뭘까 도대체 하,2023.11.06
진정해♡,엄.. 잘 모르겠어요.. ㅋㅋㅋ,2023.11.06
jj**89,어뗜 영화일까??고민 또 고민 아 어렵다.,2023.11.06
kh**5163,다른 일반 애니메이션들 처럼 이해가 잘되는걸 기대하면 절대 이 영화를 감상하실수없어요 저는 감독님의 영화를 좋아하는 사람으로써 좋은영화라고 생각해요 뭔가 마지막임을 보여주는 느낌도 들었고 정말 지금껏 감독님이 하고싶었던걸 다 모아놓은것 같은 느낌을 받았어요! 해석 꼭 찾아 보세요,2023.11.06
ks**oice,"영화 내용이 어렵지만,더져지는 메세지는 감동적입니다.",2023.11.06
삼빈맘,그림이 이쁘고 음악도 좋았습니다,2023.11.06
ci**e4u,무슨 말인지 하나도 모르겠지만 와라와라는 귀여웠다,2023.11.06
0쏭쏘0,"영화를 봤을 땐 너무 어려웠는데, 해석본을 보니 되거 심오한 내용이더라구요!",2023.11.06
홍조만땅,그림체는 예쁘다. 내용은 잘 모르겠다 왜 저러지? 왜 저러지? 싶다가 끝났다,2023.11.05
밍뭉뮹,흐름을 따라가기 좀 어려운 영화지만 전체적으로 좋았습니다,2023.11.05
달리는 이장님,자서전을영화로본느낌..군국주의를반대한다고하지만..어쩌라고의느낌이더강한건뭔지..,2023.11.05
gy**s5645,지브릴판 슈타인즈게이트 (애니),2023.11.05
야채령,마지막 작품이라 많이 아쉬웠다ㅠㅠ,2023.11.05
Doya,불친절하지만 볼만했고 생각하게 만든 영화. 미야자키 감독 다운 영화,2023.11.05
CH,악의가 가득한 세상에서 어쩌면 내가 가진 악의를 인정하고 반성하고 앞으로 나아가는 것이 그럼에도 불구하고 살아가는 방법이 아닐까.,2023.11.05
복숭사랑,꼭 보고 싶었던 감독님 영화 볼만 했어요,2023.11.05
lee ok,기대보다 좋았는데 어렵네요 내용이..,2023.11.05
so**299,이전의 지브리 영화와는 조금은 다르지만 내용을 직관적으로 보면 감독님의 의도를 조금이나마 이해할 수 있었어요!! 저는 영화보면서 무라카미 하루키의 해변의 카프카도 연상되고 좋았어요. 저는 너무 재밌게 봤습니다 :),2023.11.05
en**essya,기대하고 보고싶던 영화였어요,2023.11.05
ju**ei11,작화가 좋았고 역시 믿고보는 지브리. 스토리나 상징은 해설을 좀 봐야할듯 하지만 지루하진 않음,2023.11.05
키키죠앙,용아맥에서 봤는데 굉장히 몰입도 있게 볼수있어 좋았습니다 . 거장의 영화를 극장에서 볼 수 있어 기뻤어요,2023.11.05
니나노:),개노잼 이모가 새엄마되는 이게 무슨 .. 무슨 심오한 뜻이 있는건지 영화가 끝날때까지 나는 알지 못했다...,2023.11.05
hs**n96,재미있는 이야기만 해주던 할아버지가 어느날 잠시 멈춰서서 진지한 이야기를 해줄 때,2023.11.05
kr**tal0622,좋았어요. 되게 만족 스러워요!,2023.11.05
go**emi01,재미있었요!굉장해 엄청나!,2023.11.05
qk**ltmd07,좋았었긴 한데 진짜로 난해하긴 하네요..,2023.11.05
jy**121,너무 어려워 2번 본 영화. 2번 보고나서야 감독이 하려는 얘기가 뭔지 알것 같았습니다. 많은 생각을 할수 있게 해줘서 감사합니다,2023.11.05
ju**y0705,"모호하다 , 난해하다는 단어가 잘어울리는 영화 미적으로는 아름다웠지만 내용의 밀도가 아쉽다",2023.11.05
김띠끄,"개연성 있는 스토리로 관객들에게 공감을 얻는 일도 감독의 역할이겠으나, 개인적으로는 그러지 않아도(오히려 그러지 않았기 때문에) 훌륭한 작품이 탄생했다고 생각해요. 여운이 진하게 남는 영화입니다.",2023.11.05
ke**nce74,"조금 지루하지만, 생각을 하게되는 영화",2023.11.05
jana,앗 뭔지 모르겠다는 그냥 아무생각없이 보도록,2023.11.05
란슬롯알비온,"내용이 난해하긴 했지만 미야자키 하야오 감독의 작품 활동을 뒤돌아보는 느낌이었고, 나이가 들면 살아온 발자취를 뒤돌아보게 되는구나 하는 느낌을 받았습니다. 잔잔하고 재밌게 봤습니다~",2023.11.05
an**0721,지브리영화 좋아하시는분들은 영상미가 너무 좋아서 꼭 보셨으면 좋겠어요!,2023.11.05
wn**salswl,전체적인 작화나 음악등 분위기는 좋았으나 스토리가 관람객에게 불친절하고 루즈한 감이 없지않아 있었습니다.,2023.11.05
ck**108,너무 난해하고 그로테스크한 내용이 한국에서 전체관람가 등급 받은게 도저히 이해불가함 하지만 작화만큼은 최고이며 미야자키 하야오 자신을 위해서 만든작품이라 관객에게는 불친절한 작품이란 느낌,2023.11.05
ch**unho7,후기보고 있었는데 호불호가 엄청 갈리길래 저는 볼만은 하겠지 마음으로 예매 해서 봤는데 저는 재밌었어요.스토리가 잔잔하면서 재밌었고 ost가 마음에 들기도 했어요 !,2023.11.05
km**os0901,영화 제목에 맞게 정말 삶과 죽음에 관한 이야기였어요 탄생과 죽음에 대해 생각해보게되는.. 다 쉽게 이해가 된건아니였지만 집중해서 보다보면 의문들이 조금씩 풀려나가는 영화였어요 초반에 잔잔하더라도 꼭 집중해서 보셔야해요 집중해서보면 안지루하고 흥미로워요 재밌게 잘봤습니다!,2023.11.05
Vanishing Point,이번영화는 너무 어렵다,2023.11.05
David_dong,그림체와 다 좋았는데 내용이 쫌 많이 철학적인듯 ㅜㅜ 어려워요,2023.11.05
던컨의미소,좀 무섭기도 했네요~ㅎㅎ,2023.11.05
ay**mant,절대 보지마세요. 팝콘비 날아가요.,2023.11.05
ok**xok,지브로 작품 정말 잘봤습니다,2023.11.05
da**7010,지브리 그림체가 그리웠던 사람으로써 영화 너무 재밌었어요. 초반에 지루하다 하시는데 지브리감성들이 초반에 뿜어져나와서 너무 좋았어요..,2023.11.05
oa**ang,좀 난애하지만 좋은영화였어요,2023.11.05
송나무,지브리의 정수 제목의 끝에 물음표가 아닌 마침표을 찍을 수 있게 하는 영화,2023.11.05
y8**5588,영화를 이해하기 쉬웠다고 한다면 거짓말이겠지만 괜찮습니다. 지브리의 색감과 분위기를 이 시대 영화관에서 보는 것 만으로 벅차요ㅜㅜ,2023.11.05
영화 극히 잘안봄,무한한 되뇌임을 가져다준 영화,2023.11.05
고은비,지루하지않고 재미있게 잘봤습니다,2023.11.05
짱가뿅,아이들과 함께 봤어요~오랜만에 미야자키감독님 영화보니깐 넘 좋았습니다. 조금 이해하기 난해하기도 했지만 그래도 좋았습니다,2023.11.05
양정아1,가족4명이서 보고나왔는데 나도 좀쑤시고 남편은자고 애들은 팝콘먹느라부스럭브스럭 다보고 나와서 서로물어봤어요..뭔 내용이냐구. 바로 동생에게 전화해서 다른영화보라고했네요,2023.11.05
ko**115,푹 자고 보라는 후기가 이해가 됩니다.,2023.11.05
wi**ujg,잘봣습니다 시간가는줄 모르고 봤어요,2023.11.05
sa**gi2000,스토리 연출 나무랄데 없는 작품입니다,2023.11.05
rl**pwls0226,후기가 안 좋은 게 많길래 기대 안 하고 있었는데 지브리는 지브리인가봐요. 영화 자체는 재미있었습니다! 근데 결말이 생각보다 급전개라 놀랐어요. 마지막엔 내가 뭘 본 거지.. 싶기도했을 정도ㅋㅋ,2023.11.05
pa**mill,재미있게 잘 봤어요 좋아요,2023.11.05
al**xe3,재미있게 잘 봤어요 좋아요,2023.11.05
ch**young08,재밌었는데 기대한 만큼 그 기대를 만족시키진 못할거같아요 그래도 오랜만에 지브리 감성 느껴서 좋았습니다,2023.11.05
ki**eyeon941,뭔내용인지도모르겟음진짜,2023.11.05
맛남,이해를 할 수 없어 감상평을 쓸 수 없다,2023.11.05
jj8565,"각종 새들의 출연 외가리, 펠리컨, 사랑앵무새 근데 이모가 새엄마가 된다니.. 돌탑 안의 세계는 미야자키 왕국인가 모성애를 다시 생각하게 된다 색감도, 디테일함도, 음악도 모두 좋다 깊은 여운..갑작스러운 엔딩은 너무 황당..",2023.11.05
뇽뇽9,철학적인 영화... 호불호 강할거같은데 나는 호...,2023.11.05
dc**er,스토리가 뭔가 좀 애매함.,2023.11.05
블랙패러딘,내용 이해는 안되지만 영상미는 좋았어요,2023.11.05
^o^,지브리 작화를 볼 수 있어서 행복한. 다시 볼 것인가 말것인가,2023.11.05
ki**ayoon812,재밌을지 궁금했는데 즐겁게 잘 봤어요,2023.11.05
워니서누아빠,영화를 좋아하는 18살 딸과 나는 재밌게 보았는데 15살 아들과 아내는 별로라고-_-,2023.11.05
아리,역시 지브리 재밌었어요,2023.11.05
HelloJenny,그대들은 어떻게 사죄할 것인가. 전범국가의 보다 진솔한 반성이 아쉬울 뿐.,2023.11.05
js**579,타의로 보긴했는데... 아직 저에겐 일본 애니는 어렵네요 내용이해가 안됐습니다ㅠ,2023.11.05
su**nake,"재밌었어요. 혹평이 많아 기대없이 갔는데 너무 재밌었고 영상이 다 예술이었고 스토리도 괜찮았습니다. 거장의 영화란 생각이 들었어요. 물론 전쟁 미화? 군인들에게 인사하는 장면, 주인공의 아버지가 군수물자 생산공장 사장이라는게 거슬렸지만 나머지는 다 환상적이고 재밌었습니다.",2023.11.05
pe**010,지루하지 않게 보았어요!,2023.11.05
ililiokil,초반만 잘 버티면 그럭저럭 괜찮게 볼 수 있는데... 그게 한 시간이 걸린다는 게 문제ㅋㅋ 개인적으로 ott 올라와도 안 볼 것 같아요.,2023.11.05
in**w33,넘 지루하고 일본 중심의 영화 환타지도 별루~~~,2023.11.05
지유~♡,굿굿 하고싶은 마음이 있습니다,2023.11.05
하초엄마,왜… 시대배경이 2차 세계대전이였을까?,2023.11.05
sb**70213,디즈니 애니메이션 다 본 사람들은 조금은 흥미롭게 보고 좀 반갑다?라는 느낌을 받을것 같은 영화였어요. 디즈니 애니메이션 안 보셨던 분들은 재미없을것 같은 영화인듯 해요. 전 그래서 나름 꽤 괜찮게 봤습니다. 후반에 내용이 이해가 안 가지만 또 보면 이해될것 같은 스토리였습니다.,2023.11.05
xo**3074,지루하단 생각을 잘안하는데 지루한 느낌을 떨칠수가 없었어요 ㅜㅜ,2023.11.05
hyejin♡,영상미만 본다면 나쁘지 않았지만 제목과 연관시키기엔...다소 어렵네요. 저는 그래도 잘 봤지만 같이 본 친구는 음...ㅎㅎㅎ 와라와라는 넘 귀여웠어요ㅋ,2023.11.05
ja**mi00,다소 어려운듯했지만 좋은영화,2023.11.05
pj**ome1,많이 난해 했으나 못볼정도는 아닙니다,2023.11.05
angel4,너무 지루하고 개연성이 없는 것 같네요.,2023.11.05
em**ia1118,영화가 끝난 후에도 나는 어떻게 살 것인지 고민해볼 수 있던 것 같다,2023.11.05
hs**on89,나는 어떻게 살아갈 것 인가?,2023.11.05
Newyork,오ㅐ 초반에 혹평이 많았는지 이해가;;; 미야쟈키 하야오 감독은 원래 이렇게 애니를 만드는 스탈이다 그동안 작품들과 비교해 이번껀 진짜 잔잔하게 그려낸 거 같은데 이런 스타일이 안 맞으면 아직 감독에 대한 이해 부터 다시 하고 봐야할 듯,2023.11.05
단슈가,제목대로 그대들은 어떻게 살 것인가에 대한 생각을 하게 합니다. 감독님의 의도가 분명하게 보이지만 여러 장치가 있어서 호불호가 극명히 갈리는만큼 재밌게 보신 분들은 그만한 이유가 있다고 생각합니다. 여러번 관람 했는데 볼때마다 새롭게 이해되고 다가오는 장면이 분명히 있어요. 재밌습니다.,2023.11.05
선미츄,재밌었어요 어떻게 이런 상상을 하는지 신기해요,2023.11.05
공공의벗,어수선하고 지루해서...결국 졸면서 힘겹게 봤다. 하야오 감독에게 실망하다니...속상하다ㅜ,2023.11.05
dl**stj8246,두번 봣어영 두번 보니까 내용에 담긴 속뜻을 이해할 수 있엇어영 와라와라 넘 기여워요,2023.11.05
두움,좋은데 말로 설명하기 어렵다,2023.11.05
x라넌큘러스x,"그대들은 어떻게 살 것인가? 할배 처럼 돌 탑은 쌓지 않겠단게지,",2023.11.05
yo**umon2,지브리도 진지한 이야기를 할 수있음을 보여준 영화,2023.11.05
히로애,영화가 정말 재미없어요,2023.11.05
ya**in,중1 아이들 보여줬는데 어렵다고 하네요,2023.11.05
92족,난해 난해 이런 난해함을 어찌할고. 실망ㅅ.럽다,2023.11.05
ys**208,변화하는 세상을 대하는 자세,2023.11.05
Disney,센과 치히로 이후 더 이상 끌리지 않네요.,2023.11.05
승석,"일본 애니메이션은 전체적으로 무난한듯 약간 기괴한 느낌은 있었으나, 재밌게 봤네요",2023.11.05
qu**ybon,볼만합니다. 태평양전쟁 배경이라 그건 좀..,2023.11.05
림이들,어렵네요 아이든과 봤어오,2023.11.05
un**mjung,"영상미,,동화책에 나오는 장면,,또 다른 이상 세계을 다니면서 느끼는 가족애 등,, 재미나게 잘~보았습니다..!",2023.11.05
창백한달,기대가 크면 실망도 크다더니 미야자키 하야오 감독은 박수칠때 떠날때까지만 좋았다,2023.11.05
eu**1q,친구랑 재미있게 보았습니다,2023.11.05
bo**1354,너무 재미있습니다!!,2023.11.05
Anakin,감독은 그동안 본인의 작품들의 캐릭터들을 이 한 편의 영화에 담으려 했다. 그리고 주제의식도 난해하지만 결국 회귀한다. 반전 메시지? 가족? 평화로운 시절로 회황? 뚜렷하게 주제의식을 주지 않고 또 모호하게 끝낸다. 해석은 관괙 몫이자,2023.11.05
모카크림빵,2시간 내내 루즈한 구간 없이 시간가는 줄도 모르고 잘봤어요,2023.11.05
무비young,내용은 좀 여러가지가 짬뽕된 느낌? 제목의 의미심장함에 내용은 못따라간듯 함. 화면에서 아름다운 장면들을 보는 즐거움~~^^,2023.11.05
ka**ko77,영화내용은 조금 어려운 듯하지만.,2023.11.05
se**1192,ㅠㅠ....지브리....,2023.11.05
연아랑진숙사랑!,역시 지브리 넘좋아요 최고,2023.11.05
hj**s759,작화가 이뻤고 동화같은 이야기였습니다,2023.11.05
꽃다원,"내용이 다소 꼬여있어서 이 부분이 참 어려웠지만 그 외 색감, 그림의 움직임 등은 다 좋았습니다 :)",2023.11.05
al**bh,솔직히 조금 난해함??? 심오한건가..,2023.11.05
악어애디,아쉬워요. ..무슨말일까요 졸렸어요..,2023.11.05
es**peii,"조금 난해한 면이 없진 않았지만, 그래도 재밌게 잘 봤습니다~",2023.11.05
장냉자!!!,"과연, 어떻게 살 것인가… 다시 한 번 곱씹게 하는 영화…",2023.11.05
kj**fka8644,기대이상으로 재밌었습니다 ㅎㅎ,2023.11.05
아넬리스,너무 재밌었어요 또 볼게여,2023.11.05
라이트훅,"그림체, 영상미, 음악 만으로도 두군거린다 다만 이야기가 아쉽다 어렵다",2023.11.05
쿄쿄얌,토토로 좋아하면 좋아할 영화,2023.11.05
유닌다,그럭저럭 볼만했어요..,2023.11.05
be**gflower,친절하고 직관적인 영화는 아닌것같은데 나쁘지는 않았어요,2023.11.05
뮵love,내용은 난해하지만 오랜만에 보는 미야자키하야오 작품이라 좋았던.,2023.11.05
비딱하게,생각보다 별로였어요__,2023.11.05
s2**ee,상상력이 정말 미쳤다 나름 나쁘지 않음!,2023.11.05
ba**eye129,시간가는줄 모르고 재밌게 봄 진짜 별 5개,2023.11.05
thdbdls,재밌어요!! 스토리도 이해하면 좋아요,2023.11.05
kn**92,사람마다 다양하게 해석할 수 있고 생각할수록 더 좋은 영화,2023.11.05
ap**e812,그대들은 어떻게 살 것인가라는 질문에 미야자키 하야오가 내놓은 답,2023.11.05
yh**727,지브리에서 나오는 영화는 지금도 여전히 수십번씩 다시 볼정도로 팬이라서 평이 안좋아도 예매했어요 어디쯤에서였을까요....잠들었어요ㅜㅜ중학생인 딸아이는 재밌었다고 하더라구요 다시 보러가야할거같아요,2023.11.05
ya**y74,생각보다 지루해서 놀랐어요. 어떻게 살것인가...너무 뜬금없는 전개라 이전 작들과 같은듯 다른 분위기에 조금 실망스러웠어요.,2023.11.05
jy**ol2,노감독이 다음세대에 던지는 당부.,2023.11.05
임해승,동심과는 거리가 있는 환상의 세계속으로,2023.11.05
mu**eongeun,제 추ㅏ향은 아니엇아소 지루햇서옹,2023.11.05
su**nan9520,"내용 이해하기 조금 어려워서 찾아봤어요! 종종 재밌는 장면도 많이 나오고 감동적입니다 역시 지브리,,",2023.11.05
밋쇼넬,미술관 가서 전시회 보고 온 기분,2023.11.05
RICKEY,"할아범 하고 싶은 거 다 때려넣은 영화. 냉정하게, 마냥 호평할 수 없는 영화지만 지브리의 대단원을 장식하는 영화로서는 의미가 있다고 봅니다.",2023.11.05
na**amjoo,제목과 연결지어 생각해볼 꺼리를 던져주어 오히려 좋았어요. 이해하기 어려운 부분도 있었으나 영상미로 커버~,2023.11.05
th**d07123,무슨 내용인지 잘 모르게써요 .. 엄청 기대했는데 생각보다 별로였어요 🥺🥲,2023.11.05
민뜨뜨,해석이 필요해요...,2023.11.05
ll**031,디즈니 짱 마지막 작품이라해 봤는데,2023.11.05
sj**0228,"어려워서 해석을 봤더니,, 아주 깊은 의미들이 담겨있네요.. 그치만, 스스로 깨달을 수 없어 아쉽기만 합니다ㅎㅎ",2023.11.05
doge2.0,나는 어떻게 살 것인가....,2023.11.05
go**py8,무슨 내용인지 잘...,2023.11.05
ninedragon,혹평할 영화는 아님. 역대급 지브리 작품은 아닐지라도 중간 이상은 된다고 생각함. 특별히 더 난해하지 않았고 흥미로왔음,2023.11.05
l0**92,오우.. 조금 졸았어요 볼만했지만 재관람은 고민해봐야할 것 같습니다,2023.11.05
벤지가 짱이야,눈이 즐겁긴 했는데 내용이 어려워요ㅠㅠ,2023.11.05
k9**83159,별로 재미없었음. 왜 보는건지. .,2023.11.05
gi**eom0404,영화보기 전에 미리 해석 보고 가서 그런 가 난해하긴 했지만 재밌었습니다!,2023.11.05
do**orn0207,난해하지 않았음 기존의 형식을 따르지는 않음,2023.11.05
비주얼깡패,미야자키 영화맞나 싶을 정도로 엉망이야 졸음이 쏟아지는데…..,2023.11.05
철대장,철대장님은 실관람객입니다.,2023.11.05
ks**71009,무슨내용인지 모르겠어요,2023.11.05
js**won,"같은 감독 [센과 치히로의 행방불명]('01)과 비슷한 전개, 인물과 영상. [이웃집 토토로]('88), [하울의 움직이는 성]('04), [거울 속 외딴 성]('22)의 일부 이야기 요소도. 태평양 전쟁 시대 배경인데 이야기 일부 위해 필요했으나 핵심은 당대 소년 관점에서 본 환경과 세대간 이해와 현실수용 과정.",2023.11.05
hb**891,믿고보는 지브리. 역시 그림체가 너무 예뻤어요 극적인 내용은 부족하지만 잔잔하게 흘러가는 내용이 힐링하기 좋았어요,2023.11.05
an**0007,미야자키 하야오의 인생 이야기,2023.11.05
ri**0409,제가 생각했던 지브리 감성이 아닌것 같아 아쉬웠어요,2023.11.05
62**cool,어떻게 살 것인가 선택은 결국 나의 몫,2023.11.05
hy**20,호불호가 강하고 난해하다는 후기에 전반적인 스토리를 알고 갔음에도 이해도 측면보다는 지루하고 몰입도가 떨어지는 단점이 있습니다.ㅠ 영상미는 좋았어요,2023.11.05
ci**iacia85,그대들은어떻게살것인가?,2023.11.05
ys**g75,정말 리뷰대로 난해하기 합니다만.. 그 속에 많은 의미가 숨겨져 있는 듯해요. 마지막 장면에서는 눈물이 좀 나오려고 했네요. 지브리 팬으로써 중간중간에 반가운 요소들이 꽤 있었어요! 혹평이 많은 것 같아서 좀 아쉽네요ㅠ 한번쯤 더보면 이해가 더 잘될것 같기도 하고.. 시청은 추천드립니다!,2023.11.05
is**maril,모든 것을 다 이해할 수는 없지만 그래도 재미있는 영화,2023.11.05
니뒤에씨스타,뭔가 심오하니.. 초반엔 졸려서 힘들었느어윰,2023.11.05
fo**ey78,영상미 연출 ost 좋았어요. 호불호 평이 많아서 안보려다 봤는데 보길 잘했어요. 그치만 스토리는 좀...,2023.11.05
교면,인류애가 섞인 하야오판 이상한 나라의 앨리스 지브리 최고의 정수가 담긴건 이 작품인듯. 깊은 생각없이 봤음에도 극장을 나서면 세계가 달라져있는 느낌,2023.11.05
j2**an,사아아앟거어엏인가아아우어어어,2023.11.05
09**won,앙 기모띠 입니디 이해안되는 부분은 없었던것 같아용,2023.11.05
go**02,노래도 좋고 그럭저럭 볼 만 해용ㅎㅎ,2023.11.05
wh**oteee,잼나네요어요어요터요어,2023.11.05
ru**con2004,내용이 좀 난해하기도 한데 개인적으론 괜찮다. 정도.앤딩에 OST 가사가 이 영화의 의미를 다 함축하고 있는것같다.,2023.11.05
늘 좋은 우리,재미가 좀 별로네요~~,2023.11.05
